epoch,train_loss
1,0.60614078
2,0.56071369
3,0.55314945
4,0.54785733
5,0.54491101
6,0.54286924
7,0.54156218
8,0.54030945
9,0.53889477
10,0.53770454
