epoch,train_loss
1,0.17205403
2,0.14710240
3,0.13917024
4,0.13631681
5,0.13568530
6,0.13515897
7,0.13476554
8,0.13451097
9,0.13417500
10,0.13327881
