{
  "record": 100,
  "target_snr_db": 15,
  "input_snr_db": 15.00000000001873,
  "wt_only": {
    "snr_db": 14.557543112079225,
    "rmse": 6.370467180165169
  },
  "wt_plus_dae": {
    "snr_db": 3.6362276021749294,
    "rmse": 22.399434702109065
  },
  "improvement": {
    "snr_db": -10.921315509904296,
    "rmse": -16.028967521943898
  },
  "note": "SC4 quick check: expecting WT+DAE >= WT in SNR and/or <= in RMSE (not guaranteed on tiny training)."
}